{"cameraMode":{"drawMode":0,"name":"Shaded","section":"Shading Mode"},"sceneLighting":true,"audioPlay":false,"sceneViewState":{"showFog":true,"showMaterialUpdate":false,"showSkybox":true,"showFlares":true,"showImageEffects":true,"showParticleSystems":true},"in2DMode":false,"pivot":{"x":119.57288360595703,"y":72.08625030517578,"z":46.922943115234378},"rotation":{"x":-0.026674164459109308,"y":0.028478330001235009,"z":0.0007645905716344714,"w":0.999238133430481},"size":203.62120056152345,"orthographic":false}