{"cameraMode":{"drawMode":0,"name":"Shaded","section":"Shading Mode"},"sceneLighting":true,"audioPlay":false,"sceneViewState":{"showFog":true,"showMaterialUpdate":false,"showSkybox":true,"showFlares":true,"showImageEffects":true,"showParticleSystems":true},"in2DMode":false,"pivot":{"x":4.531491756439209,"y":4.494577884674072,"z":-3.5056262016296388},"rotation":{"x":0.14229843020439149,"y":-0.4329507648944855,"z":0.06942487508058548,"w":0.8874035477638245},"size":-0.2707744240760803,"orthographic":false}