{"cameraMode":{"drawMode":0,"name":"Shaded","section":"Shading Mode"},"sceneLighting":true,"audioPlay":false,"sceneViewState":{"showFog":true,"showMaterialUpdate":false,"showSkybox":true,"showFlares":true,"showImageEffects":true,"showParticleSystems":true},"in2DMode":false,"pivot":{"x":0.027597952634096147,"y":1.62831711769104,"z":0.0},"rotation":{"x":0.15300774574279786,"y":-0.3122353255748749,"z":0.05102906748652458,"w":0.9362124800682068},"size":9.950289726257325,"orthographic":false}