{"cameraMode":{"drawMode":0,"name":"Shaded","section":"Shading Mode"},"sceneLighting":false,"audioPlay":false,"sceneViewState":{"showFog":true,"showMaterialUpdate":false,"showSkybox":true,"showFlares":true,"showImageEffects":true,"showParticleSystems":true},"in2DMode":false,"pivot":{"x":0.00022774934768676758,"y":0.7976223230361939,"z":0.0007586777210235596},"rotation":{"x":0.01690305769443512,"y":0.9733814597129822,"z":-0.21543022990226746,"w":0.07637336850166321},"size":3.5261263847351076,"orthographic":false}